{
	"info": {
		"_postman_id": "de41a5c2-a664-47a3-8835-daceb9759f3f",
		"name": "Our-Betting-SiteApi",
		"schema": "https://schema.getpostman.com/json/collection/v2.1.0/collection.json",
		"_exporter_id": "26411625",
		"_collection_link": "https://martian-comet-13906.postman.co/workspace/Team-Workspace~ccaeba98-d9a2-4414-8614-b37d2c688b69/collection/26411625-de41a5c2-a664-47a3-8835-daceb9759f3f?action=share&source=collection_link&creator=26411625"
	},
	"item": [
		{
			"name": "bettings-list",
			"request": {
				"method": "GET",
				"header": [],
				"url": {
					"raw": "https://infograinsdevelopment.com/ourbettingsites/back-end/api/bettings/in",
					"protocol": "https",
					"host": [
						"infograinsdevelopment",
						"com"
					],
					"path": [
						"ourbettingsites",
						"back-end",
						"api",
						"bettings",
						"in"
					]
				}
			},
			"response": []
		},
		{
			"name": "bettings-create",
			"request": {
				"method": "POST",
				"header": [],
				"body": {
					"mode": "formdata",
					"formdata": [
						{
							"key": "logo",
							"type": "file",
							"src": "/C:/Users/PHP-18/Downloads/luckland-sport-logo-square-new.jpg"
						},
						{
							"key": "name",
							"value": "new test",
							"type": "text"
						},
						{
							"key": "description",
							"value": "test-description",
							"type": "text"
						},
						{
							"key": "bonus",
							"value": "test-bonus",
							"type": "text"
						},
						{
							"key": "turnover",
							"value": "test-turnover",
							"type": "text"
						},
						{
							"key": "min_odds",
							"value": "test odds",
							"type": "text"
						},
						{
							"key": "website_url",
							"value": "test-websiteurl",
							"type": "text"
						},
						{
							"key": "review",
							"value": "tets-review",
							"type": "text"
						}
					]
				},
				"url": {
					"raw": "https://infograinsdevelopment.com/ourbettingsites/back-end/api/betting-insert/",
					"protocol": "https",
					"host": [
						"infograinsdevelopment",
						"com"
					],
					"path": [
						"ourbettingsites",
						"back-end",
						"api",
						"betting-insert",
						""
					]
				}
			},
			"response": []
		},
		{
			"name": "features-create",
			"request": {
				"method": "POST",
				"header": [],
				"body": {
					"mode": "formdata",
					"formdata": [
						{
							"key": "betting_id",
							"value": "1",
							"type": "text"
						},
						{
							"key": "description",
							"value": "test description",
							"type": "text"
						},
						{
							"key": "status",
							"value": "test status",
							"type": "text"
						}
					]
				},
				"url": {
					"raw": "https://infograinsdevelopment.com/ourbettingsites/back-end/api/features",
					"protocol": "https",
					"host": [
						"infograinsdevelopment",
						"com"
					],
					"path": [
						"ourbettingsites",
						"back-end",
						"api",
						"features"
					]
				}
			},
			"response": []
		},
		{
			"name": "betting-features-list",
			"request": {
				"method": "GET",
				"header": [],
				"url": {
					"raw": "https://infograinsdevelopment.com/ourbettingsites/back-end/api/football-bettings/in",
					"protocol": "https",
					"host": [
						"infograinsdevelopment",
						"com"
					],
					"path": [
						"ourbettingsites",
						"back-end",
						"api",
						"football-bettings",
						"in"
					]
				}
			},
			"response": []
		},
		{
			"name": "country-list",
			"protocolProfileBehavior": {
				"disableBodyPruning": true
			},
			"request": {
				"method": "GET",
				"header": [],
				"body": {
					"mode": "formdata",
					"formdata": []
				},
				"url": {
					"raw": "https://infograinsdevelopment.com/ourbettingsites/back-end/api/get_country",
					"protocol": "https",
					"host": [
						"infograinsdevelopment",
						"com"
					],
					"path": [
						"ourbettingsites",
						"back-end",
						"api",
						"get_country"
					]
				}
			},
			"response": []
		},
		{
			"name": "countryBetting",
			"request": {
				"method": "POST",
				"header": [],
				"body": {
					"mode": "formdata",
					"formdata": [
						{
							"key": "logo",
							"type": "file",
							"src": "/C:/Users/PHP-18/Downloads/betway_square.jpg"
						},
						{
							"key": "name",
							"value": "Betway",
							"type": "text"
						},
						{
							"key": "description",
							"value": "test",
							"type": "text"
						},
						{
							"key": "bonus",
							"value": "Free Bet Up To ₹4,000",
							"type": "text"
						},
						{
							"key": "website_url",
							"value": "https://secure.betwaypartnersafrica.com/mediahandler/btag-P98298-PR22924-CM59546-TS1985726/",
							"type": "text"
						},
						{
							"key": "status",
							"value": "1",
							"type": "text"
						},
						{
							"key": "referral_url",
							"value": "https://secure.betwaypartnersafrica.com/mediahandler/btag-P98298-PR22924-CM59546-TS1985726/",
							"type": "text"
						},
						{
							"key": "turnover",
							"value": "No requirements",
							"type": "text"
						},
						{
							"key": "min_odds",
							"value": "2.0\n",
							"type": "text"
						},
						{
							"key": "review",
							"value": "",
							"type": "text"
						}
					]
				},
				"url": {
					"raw": "https://infograinsdevelopment.com/ourbettingsites/back-end/api/countryBetting",
					"protocol": "https",
					"host": [
						"infograinsdevelopment",
						"com"
					],
					"path": [
						"ourbettingsites",
						"back-end",
						"api",
						"countryBetting"
					]
				}
			},
			"response": []
		},
		{
			"name": "fileUpload",
			"request": {
				"method": "POST",
				"header": [],
				"body": {
					"mode": "formdata",
					"formdata": [
						{
							"key": "file",
							"type": "file",
							"src": "/C:/Users/PHP-18/Downloads/betinia_logo_transp.png"
						},
						{
							"key": "name",
							"value": "neha",
							"type": "text"
						},
						{
							"key": "email",
							"value": "neha@gmail.com",
							"type": "text"
						},
						{
							"key": "password",
							"value": "123456",
							"type": "text"
						}
					]
				},
				"url": {
					"raw": "localhost/Our-Betting-Site/OurBettingSites/api/fileupload",
					"host": [
						"localhost"
					],
					"path": [
						"Our-Betting-Site",
						"OurBettingSites",
						"api",
						"fileupload"
					]
				}
			},
			"response": []
		}
	]
}